"age","sex","cp","trestbps","chol","fbs","restecg","thalanch","exang","oldpeak","slope","ca","thal"
"0.9506203465475661","0.679879488081852","1.9698648905287717","0.7629687260257486","-0.255910357154578","2.3904822598667033","-1.0041703114897502","0.015417267750268547","-0.014264601763768436","2.0442917534068124","-1.205722283228904","-1.1836128303576934","-1.2844937346348446"
