"age","sex","cp","trestbps","chol","fbs","restecg","thalach","exang","oldpeak","slope","ca","thal"
"-4.698065413151485","-1.4874466751929136","-0.2755125175293457","-6.738936494941846","-5.695906009433108","2.7758161408599236","5.994420518876115","-6.381641120059999","0.07284928212875527","6.965225801226316","0.3278030170734656","1.404770743695498","2.1989659792279768"
